{"count":1,"self":3441.1401216,"total":93428.5558287,"children":{"InitializeActuators":{"count":32,"self":0.0020027,"total":0.0020027,"children":null},"InitializeSensors":{"count":32,"self":0.0020001999999999997,"total":0.0020001999999999997,"children":null},"AgentSendState":{"count":3980051,"self":1327.2730623999998,"total":2798.4252306,"children":{"CollectObservations":{"count":25473888,"self":9.0411856,"total":9.0411852,"children":null},"WriteActionMask":{"count":25473888,"self":11.9907504,"total":11.9907501,"children":null},"RequestDecision":{"count":25473888,"self":32.2267136,"total":1450.1202518,"children":{"AgentInfo.ToProto":{"count":25473888,"self":43.005216,"total":1417.8935365999998,"children":{"GenerateSensorData":{"count":25473888,"self":1223.3186303999998,"total":1374.8883208,"children":{"RayPerceptionSensor.Perceive":{"count":50947776,"self":151.5697152,"total":151.56971289999998,"children":null}}}}}}}}},"DecideAction":{"count":3980051,"self":86860.1298944,"total":86860.1284358,"children":null},"AgentAct":{"count":3980051,"self":323.9390208,"total":323.93902449999996,"children":null},"AgentInfo.ToProto":{"count":101488,"self":0.5036501,"total":4.9077893,"children":{"GenerateSensorData":{"count":101488,"self":3.7444032,"total":4.4041391999999995,"children":{"RayPerceptionSensor.Perceive":{"count":202976,"self":0.65973609999999994,"total":0.65973609999999994,"children":null}}}}}},"gauges":{"SoccerTwos.CumulativeReward":{"count":101488,"max":0,"min":0,"runningAverage":0,"value":0,"weightedAverage":0}},"metadata":{"timer_format_version":"0.1.0","start_time_seconds":"1759151262","unity_version":"2021.3.14f1","command_line_arguments":"C:\\Users\\lsc18\\Desktop\\unit7\\ml-agents\\.\/training-envs-executables\/SoccerTwos\\SoccerTwos.exe -nographics -batchmode --mlagents-port 5005 -logFile C:\\Users\\lsc18\\Desktop\\unit7\\ml-agents\\results\\SoccerTwos_Alex48\\run_logs\\Player-0.log","communication_protocol_version":"1.5.0","com.unity.ml-agents_version":"2.3.0-exp.3","scene_name":"SoccerTwos","end_time_seconds":"1759244690"}}